rank,account_id,entity_id,account_type,display_name,leaderboard_group,sessions,kwh,green_sessions,orange_sessions,red_sessions,green_window_share,shifted_daytime_sessions,credits_earned,credits_spent,ending_balance_credits,cash_paid_kes,fuel_stacking_risk_days,score,privacy_level
1,BIZ-005,BIZ-005,commercial,Business BIZ-005,commercial,50,110.354,50,0,0,1.0,50,2286,2671,815,600,30,2986,synthetic_id_only
2,BIZ-003,BIZ-003,commercial,Business BIZ-003,commercial,51,105.283,51,0,0,1.0,51,2202,2552,850,600,30,2916,synthetic_id_only
3,BIZ-009,BIZ-009,commercial,Business BIZ-009,commercial,51,112.652,27,0,24,0.529,27,1278,2731,647,1050,30,1560,synthetic_id_only
4,BIZ-010,BIZ-010,commercial,Business BIZ-010,commercial,51,110.57,27,0,24,0.529,27,1168,2679,589,1050,30,1450,synthetic_id_only
5,BIZ-002,BIZ-002,commercial,Business BIZ-002,commercial,49,101.577,22,0,27,0.449,22,1013,2465,648,1050,30,1213,synthetic_id_only
6,BIZ-001,BIZ-001,commercial,Business BIZ-001,commercial,50,111.292,22,0,28,0.44,22,984,2694,390,1050,30,1180,synthetic_id_only
7,HH-0007,HH-0007,household,Household HH-0007,household,38,34.956,20,2,16,0.526,20,582,857,45,160,30,802,synthetic_id_only
8,HH-0067,HH-0067,household,Household HH-0067,household,43,20.149,18,10,15,0.419,18,291,503,108,160,30,503,synthetic_id_only
9,HH-0020,HH-0020,household,Household HH-0020,household,64,16.38,18,24,22,0.281,19,237,422,135,160,0,457,synthetic_id_only
10,HH-0279,HH-0279,household,Household HH-0279,household,44,18.015,15,13,16,0.341,15,256,455,121,160,0,428,synthetic_id_only
11,HH-0265,HH-0265,household,Household HH-0265,household,35,12.762,18,0,17,0.514,18,230,326,224,160,0,414,synthetic_id_only
12,HH-0421,HH-0421,household,Household HH-0421,household,30,13.402,16,0,14,0.533,16,235,337,218,160,0,403,synthetic_id_only
13,HH-0084,HH-0084,household,Household HH-0084,household,46,18.527,15,10,21,0.326,15,249,467,102,160,30,395,synthetic_id_only
14,HH-0323,HH-0323,household,Household HH-0323,household,39,16.064,14,10,15,0.359,14,235,407,148,160,0,391,synthetic_id_only
15,HH-0289,HH-0289,household,Household HH-0289,household,29,13.539,15,0,14,0.517,15,234,340,214,160,0,388,synthetic_id_only
16,HH-0570,HH-0570,household,Household HH-0570,household,39,17.369,13,13,13,0.333,13,232,437,115,160,30,388,synthetic_id_only
17,HH-0413,HH-0413,household,Household HH-0413,household,37,15.138,14,10,13,0.378,14,221,384,157,160,30,385,synthetic_id_only
18,HH-0374,HH-0374,household,Household HH-0374,household,38,14.47,14,10,14,0.368,14,218,370,168,160,0,378,synthetic_id_only
19,HH-0229,HH-0229,household,Household HH-0229,household,42,18.06,14,9,19,0.333,14,231,456,95,160,0,369,synthetic_id_only
20,HH-0281,HH-0281,household,Household HH-0281,household,39,15.242,14,9,16,0.359,14,213,387,146,160,30,363,synthetic_id_only
21,HH-0125,HH-0125,household,Household HH-0125,household,30,14.374,15,0,15,0.5,15,211,363,168,160,0,361,synthetic_id_only
22,HH-0286,HH-0286,household,Household HH-0286,household,37,14.829,16,0,21,0.432,16,213,375,158,160,0,353,synthetic_id_only
23,HH-0201,HH-0201,household,Household HH-0201,household,20,9.122,13,0,7,0.65,13,192,227,285,160,0,346,synthetic_id_only
24,HH-0564,HH-0564,household,Household HH-0564,household,42,18.579,15,0,27,0.357,15,238,468,90,160,0,340,synthetic_id_only
25,HH-0457,HH-0457,household,Household HH-0457,household,39,16.057,13,11,15,0.333,13,194,405,109,160,30,338,synthetic_id_only
26,HH-0554,HH-0554,household,Household HH-0554,household,27,12.765,11,9,7,0.407,11,193,320,193,160,30,337,synthetic_id_only
27,HH-0063,HH-0063,household,Household HH-0063,household,49,18.039,17,0,32,0.347,17,227,459,88,160,30,337,synthetic_id_only
28,HH-0377,HH-0377,household,Household HH-0377,household,40,15.341,13,10,17,0.325,13,203,388,135,160,0,337,synthetic_id_only
29,HH-0188,HH-0188,household,Household HH-0188,household,39,13.97,13,8,18,0.333,13,203,353,170,160,0,329,synthetic_id_only
30,HH-0403,HH-0403,household,Household HH-0403,household,32,13.593,12,7,13,0.375,12,197,341,176,160,30,327,synthetic_id_only
31,HH-0187,HH-0187,household,Household HH-0187,household,39,17.008,15,0,24,0.385,15,208,427,101,160,30,322,synthetic_id_only
32,HH-0076,HH-0076,household,Household HH-0076,household,24,7.701,14,0,10,0.583,14,165,195,290,160,30,321,synthetic_id_only
33,HH-0428,HH-0428,household,Household HH-0428,household,23,9.757,13,0,10,0.565,13,177,246,251,160,0,319,synthetic_id_only
34,HH-0473,HH-0473,household,Household HH-0473,household,31,13.504,11,10,10,0.355,11,182,339,163,160,0,316,synthetic_id_only
35,HH-0416,HH-0416,household,Household HH-0416,household,21,9.675,12,0,9,0.571,12,177,242,255,160,30,309,synthetic_id_only
36,HH-0497,HH-0497,household,Household HH-0497,household,41,14.89,12,12,17,0.293,12,183,378,125,160,0,307,synthetic_id_only
37,HH-0382,HH-0382,household,Household HH-0382,household,25,8.778,13,0,12,0.52,13,170,222,268,160,0,304,synthetic_id_only
38,HH-0347,HH-0347,household,Household HH-0347,household,21,7.665,12,0,9,0.571,12,158,196,282,160,30,290,synthetic_id_only
39,HH-0131,HH-0131,household,Household HH-0131,household,40,16.569,14,0,26,0.35,14,198,419,99,160,0,290,synthetic_id_only
40,HH-0010,HH-0010,household,Household HH-0010,household,27,10.745,12,4,11,0.444,12,155,268,207,160,30,287,synthetic_id_only
41,HH-0257,HH-0257,household,Household HH-0257,household,44,16.993,15,0,29,0.341,15,193,429,84,160,0,287,synthetic_id_only
42,HH-0071,HH-0071,household,Household HH-0071,household,35,14.968,10,9,16,0.286,10,184,376,128,160,0,278,synthetic_id_only
43,HH-0262,HH-0262,household,Household HH-0262,household,42,18.135,13,0,29,0.31,13,210,456,74,160,30,276,synthetic_id_only
44,HH-0560,HH-0560,household,Household HH-0560,household,20,7.802,11,0,9,0.55,11,157,197,280,160,0,275,synthetic_id_only
45,HH-0088,HH-0088,household,Household HH-0088,household,34,14.562,9,13,12,0.265,9,170,367,123,160,30,274,synthetic_id_only
46,HH-0488,HH-0488,household,Household HH-0488,household,35,15.25,10,9,16,0.286,10,172,383,109,160,0,266,synthetic_id_only
47,HH-0133,HH-0133,household,Household HH-0133,household,18,8.268,10,0,8,0.556,10,152,205,267,160,0,260,synthetic_id_only
48,HH-0047,HH-0047,household,Household HH-0047,household,41,17.744,9,13,19,0.22,9,179,446,53,160,30,255,synthetic_id_only
49,HH-0158,HH-0158,household,Household HH-0158,household,39,15.902,10,9,20,0.256,10,175,402,93,160,0,253,synthetic_id_only
50,HH-0527,HH-0527,household,Household HH-0527,household,26,10.192,11,0,15,0.423,11,158,259,219,160,0,252,synthetic_id_only
51,HH-0179,HH-0179,household,Household HH-0179,household,21,9.189,10,0,11,0.476,10,152,231,241,160,0,248,synthetic_id_only
52,HH-0563,HH-0563,household,Household HH-0563,household,36,15.991,12,0,24,0.333,12,171,402,89,160,0,243,synthetic_id_only
53,HH-0207,HH-0207,household,Household HH-0207,household,40,15.246,13,0,27,0.325,13,166,386,100,160,30,240,synthetic_id_only
54,HH-0165,HH-0165,household,Household HH-0165,household,35,13.154,12,0,23,0.343,12,163,332,151,160,0,239,synthetic_id_only
55,HH-0406,HH-0406,household,Household HH-0406,household,23,8.119,11,0,12,0.478,11,130,205,245,160,30,236,synthetic_id_only
56,HH-0275,HH-0275,household,Household HH-0275,household,35,11.485,12,0,23,0.343,12,152,294,178,160,0,228,synthetic_id_only
57,HH-0163,HH-0163,household,Household HH-0163,household,36,15.777,11,0,25,0.306,11,174,398,96,160,0,228,synthetic_id_only
58,HH-0480,HH-0480,household,Household HH-0480,household,9,3.82,8,0,1,0.889,8,113,96,337,160,30,221,synthetic_id_only
59,HH-0205,HH-0205,household,Household HH-0205,household,34,13.442,11,0,23,0.324,11,150,339,131,160,0,212,synthetic_id_only
60,HH-0087,HH-0087,household,Household HH-0087,household,35,14.304,8,10,17,0.229,8,141,358,103,160,30,205,synthetic_id_only
61,HH-0254,HH-0254,household,Household HH-0254,household,23,9.607,9,0,14,0.391,9,132,241,211,160,0,202,synthetic_id_only
62,HH-0284,HH-0284,household,Household HH-0284,household,16,6.814,8,0,8,0.5,8,108,171,257,160,0,188,synthetic_id_only
63,HH-0140,HH-0140,household,Household HH-0140,household,37,15.546,10,0,27,0.27,10,149,392,77,160,30,181,synthetic_id_only
64,HH-0120,HH-0120,household,Household HH-0120,household,42,15.547,11,0,31,0.262,11,150,395,75,160,30,180,synthetic_id_only
65,HH-0282,HH-0282,household,Household HH-0282,household,20,7.186,8,0,12,0.4,8,109,182,247,160,0,173,synthetic_id_only
66,HH-0381,HH-0381,household,Household HH-0381,household,21,7.666,8,0,13,0.381,8,113,193,240,160,30,173,synthetic_id_only
67,HH-0034,HH-0034,household,Household HH-0034,household,14,6.225,6,3,5,0.429,6,97,156,261,160,30,167,synthetic_id_only
68,HH-0031,HH-0031,household,Household HH-0031,household,25,8.259,6,4,15,0.24,8,117,209,228,160,30,165,synthetic_id_only
69,HH-0303,HH-0303,household,Household HH-0303,household,37,16.183,9,0,28,0.243,9,132,405,47,160,0,146,synthetic_id_only
70,HH-0485,HH-0485,household,Household HH-0485,household,17,7.931,6,0,11,0.353,6,96,199,217,160,30,136,synthetic_id_only
71,HH-0469,HH-0469,household,Household HH-0469,household,16,5.499,5,5,6,0.312,5,80,139,261,160,30,136,synthetic_id_only
72,HH-0433,HH-0433,household,Household HH-0433,household,20,6.625,5,0,15,0.25,5,68,169,219,160,0,78,synthetic_id_only
73,HH-0274,HH-0274,household,Household HH-0274,household,19,6.064,4,0,15,0.211,4,40,155,205,160,0,36,synthetic_id_only
74,HH-0467,HH-0467,household,Household HH-0467,household,10,3.586,2,0,8,0.2,2,30,90,260,160,30,26,synthetic_id_only
75,HH-0018,HH-0018,household,Household HH-0018,household,3,0.83,0,1,2,0.0,1,2,22,300,160,0,4,synthetic_id_only
76,HH-0370,HH-0370,household,Household HH-0370,household,17,7.55,2,0,15,0.118,2,29,190,159,160,0,-3,synthetic_id_only
77,HH-0308,HH-0308,household,Household HH-0308,household,5,1.781,0,0,5,0.0,0,0,45,275,160,30,-20,synthetic_id_only
78,HH-0216,HH-0216,household,Household HH-0216,household,8,2.267,0,0,8,0.0,0,0,58,262,160,0,-32,synthetic_id_only
79,HH-0451,HH-0451,household,Household HH-0451,household,11,4.181,0,0,11,0.0,0,0,104,216,160,0,-44,synthetic_id_only
80,HH-0339,HH-0339,household,Household HH-0339,household,15,5.694,0,0,15,0.0,0,0,144,176,160,0,-60,synthetic_id_only
81,BIZ-008,BIZ-008,commercial,Business BIZ-008,commercial,46,94.34,0,0,46,0.0,0,0,2286,714,1500,30,-184,synthetic_id_only
82,BIZ-006,BIZ-006,commercial,Business BIZ-006,commercial,51,108.648,0,0,51,0.0,0,0,2632,368,1500,30,-204,synthetic_id_only
83,BIZ-004,BIZ-004,commercial,Business BIZ-004,commercial,52,106.242,0,0,52,0.0,0,0,2575,425,1500,30,-208,synthetic_id_only
84,BIZ-007,BIZ-007,commercial,Business BIZ-007,commercial,65,131.408,0,0,65,0.0,0,0,3183,717,1950,30,-260,synthetic_id_only
